,0,loss,val_loss
0,5.310313701629639,5.310313701629639,55.2894287109375
1,4.504843711853027,4.504843711853027,46.4276123046875
