,mean_iou,loss
0,0.17018890380859375,0.24449384212493896
1,0.17018890380859375,0.24449387192726135
