,mean_iou,val_mean_iou,loss,val_loss
0,0.9551571011543274,0.9469091892242432,0.16868887841701508,0.10414852946996689
1,0.9731066226959229,0.995307981967926,0.04860600084066391,0.027832085266709328
2,0.9774776101112366,0.9984477162361145,0.032832272350788116,0.010084795765578747
3,0.977756679058075,0.997204601764679,0.0355742909014225,0.021367698907852173
4,0.979978084564209,0.9925243854522705,0.02958572655916214,0.0170073751360178
